<?xml version="1.0" encoding="UTF-8"?>
<project-private xmlns="http://www.netbeans.org/ns/project-private/1">
    <editor-bookmarks xmlns="http://www.netbeans.org/ns/editor-bookmarks/2" lastBookmarkId="0"/>
    <open-files xmlns="http://www.netbeans.org/ns/projectui-open-files/2">
        <group>
            <file>file:/C:/Users/Abdul-Malek/Documents/NetBeansProjects/Java_Video_Stream/src/java_video_stream/JavaServer.java</file>
            <file>file:/C:/Users/Abdul-Malek/Documents/NetBeansProjects/Java_Video_Stream/src/java_video_stream/Java_Video_Stream.java</file>
            <file>file:/C:/Users/Abdul-Malek/Documents/NetBeansProjects/Java_Video_Stream/src/java_video_stream/JavaClient.java</file>
        </group>
    </open-files>
</project-private>
